code,slug,title,instructor,quarter,online_quarter,units,block,concentrations,page_url,syllabus_url,syllabus_online_url,syllabus_pages,syllabus_has_weekly_outline,fetched
FINM 33000,finm-33000,Options,Roger Lee,Autumn,Autumn 2026,100,core,,https://finmath.uchicago.edu/curriculum/required-courses/finm-33000-mathematical-foundations-of-option-pricing/,https://uchicago.box.com/s/hv4c127ev75jg2y93o2kjl9fdifle8cs,,,unknown,2026-09-26
FINM 34000,finm-34000,Probability and Stochastic Processes,Greg Lawler,September Launch,Winter 2026,50,core,,https://finmath.uchicago.edu/curriculum/required-courses/finm-34000/,https://uchicago.box.com/s/ifnx9mxn2mklzbjfmwvowo2aw1q3f42a,https://uchicago.app.box.com/s/lm74tlah80wrs9ndozen6psouz35yzxt,,unknown,2026-09-26
FINM 36700,finm-36700,Portfolio and Risk Management,Mark Hendricks,Autumn,Winter 2026,100,core,,https://finmath.uchicago.edu/curriculum/required-courses/finm-36700/,https://uchicago.box.com/s/yno4d0hkfahvlk2kr12drwbsgx4s4nb1,https://uchicago.box.com/s/qqviv2ki135wseqyvhzw4ytebzawgq2q,,unknown,2026-09-26
FINM 32400,finm-32400,Software Developer Tools for Finance,Shahbaz Chaudhary,Autumn,Summer 2026,100,computing,,https://finmath.uchicago.edu/curriculum/computing/finm-32400/,https://uchicago.box.com/s/pawqne9f2pajwn34bly6xwkmn947f7cq,,,unknown,2026-09-26
FINM 32800,finm-32800,Data Pipelines for Quantitative Research,Jeremy Bejarano,Autumn,Summer 2026,100,computing,,https://finmath.uchicago.edu/curriculum/computing/finm-32900/,https://uchicago.box.com/s/htsr0ql39jymg6zktkn57o57x7h5lu18,,,unknown,2026-09-26
FINM 33500,finm-33500,Systematic Trading Technologies,Sebastien Donadio,Autumn,Winter 2026,100,computing,,https://finmath.uchicago.edu/curriculum/computing/finm-33500/,https://uchicago.box.com/s/apdxqfe5cp9n43c4zqi69zvwg4ln8wc1,https://uchicago.app.box.com/file/2051406525273?s=2nfawjstdjsw2tdv91hdzzdcyyl0a3d9,,unknown,2026-09-26
FINM 31200,finm-31200,Blockchain and Cryptoassets for Finance,Brian Boonstra,Autumn,Winter 2027,50,electives,rates-credit,https://finmath.uchicago.edu/curriculum/degree-concentrations/rates-and-credit/finm-31200/,https://uchicago.box.com/s/ylbrazmy2uyr47l59ix48ldt60kh4b4n,,,unknown,2026-09-26
FINM 32000,finm-32000,Numerical Methods,Roger Lee,Spring,Spring 2026,100,electives,options-derivatives,https://finmath.uchicago.edu/curriculum/degree-concentrations/options-and-derivatives/finm-32000/,https://uchicago.box.com/s/no1532buis6ecoucc25cx0449ctjlamx,,,unknown,2026-09-26
FINM 32600,finm-32600,Computing for Finance in C++,Chanaka Liyanaarachchi,Winter,TBD,100,electives,financial-computing,https://finmath.uchicago.edu/curriculum/degree-concentrations/financial-computing/finm-32600/,https://uchicago.box.com/s/y76wgy4kuk2pdeiwenratdgyzn6rrkm2,,,unknown,2026-09-26
FINM 32700,finm-32700,Low Latency Trading Systems,Sebastien Donadio,Spring,Autumn 2026,100,electives,financial-computing,https://finmath.uchicago.edu/curriculum/degree-concentrations/financial-computing/finm-32700/,https://uchicago.box.com/s/6npwocd9tmffsbgddwgaujn9xto2gkbb,,,unknown,2026-09-26
FINM 32950,finm-32950,High-Performance Numerical Computing for Finance,Chanaka Liyanaarachchi,Spring,TBD,50,electives,financial-computing,https://finmath.uchicago.edu/curriculum/degree-concentrations/financial-computing/finm-32950/,https://uchicago.box.com/s/y7u2q9gbhyww7fi5570sjenoqzmbu317,,,unknown,2026-09-26
FINM 33100,finm-33100,Foundations of Applied Machine Learning,Matt Olson,Autumn,Summer 2026,50,electives,machine-learning-ai,https://finmath.uchicago.edu/curriculum/degree-concentrations/machine-learning-and-ai/finm-33100/,https://uchicago.box.com/s/e4s1va0kjxk2ra0qe3or6n77mpm3gijk,,,unknown,2026-09-26
FINM 33150,finm-33150,Quantitative Trading Strategies,Brian Boonstra,Winter,Spring 2026,100,electives,trading,https://finmath.uchicago.edu/curriculum/degree-concentrations/trading/finm-33150/,https://uchicago.box.com/s/36zjvvwe7a6i2mxhnbw76ca3x6kouab5,https://uchicago.box.com/s/8cxj2g2oy7eoqq53pj6n1p3cxfe3c3ye,,unknown,2026-09-26
FINM 33160,finm-33160,Machine Learning for Finance,Niels Nygaard,Winter,TBD,100,electives,machine-learning-ai,https://finmath.uchicago.edu/curriculum/degree-concentrations/machine-learning-and-ai/finm-33160/,https://uchicago.box.com/s/9fnf5vyvp3an7tqtqx9m8fqy2zv27y8o,,,unknown,2026-09-26
FINM 33165,finm-33165,Reinforcement Learning and Deep Learning,Niels Nygaard,Autumn,,100,electives,machine-learning-ai,https://finmath.uchicago.edu/curriculum/degree-concentrations/machine-learning-and-ai/finm-33165/,https://uchicago.box.com/s/at3wj9i03t04q8e7anjev28yft2wxy0e,,,unknown,2026-09-26
FINM 33200,finm-33200,Generative and Agentic AI for Finance,Jeremy Bejarano; Mark Hendricks,Spring,TBD,100,electives,machine-learning-ai,https://finmath.uchicago.edu/curriculum/degree-concentrations/machine-learning-and-ai/finm-33200-1/,https://uchicago.box.com/s/yku9nn3m2r2whtwgiqb7kv5sqio7vxct,,,unknown,2026-09-26
FINM 34500,finm-34500,Stochastic Calculus,Greg Lawler,Winter,TBD,100,electives,options-derivatives,https://finmath.uchicago.edu/curriculum/degree-concentrations/options-and-derivatives/finm-34500/,https://uchicago.box.com/s/s7162s5rryr05c8w1hv6ngtmelxzspag,,,unknown,2026-09-26
FINM 34600,finm-34600,The Analysis of High Frequency Data,Per A. Mykland,Winter,,100,electives,machine-learning-ai,https://finmath.uchicago.edu/curriculum/degree-concentrations/machine-learning-and-ai/finm-34600/,,,,n/a,2026-09-26
FINM 34700,finm-34700,Multivariate Statistical Analysis: Applications and Techniques,Jingshu Wang,Spring,,100,electives,machine-learning-ai,https://finmath.uchicago.edu/curriculum/degree-concentrations/machine-learning-and-ai/finm-34700/,https://uchicago.box.com/s/qklh5fxhdeqfxcqemxahypfd8pdsy6a8,,,unknown,2026-09-26
FINM 34800,finm-34800,Modern Applied Optimization,Lek-Heng Lim,Autumn,,100,electives,machine-learning-ai,https://finmath.uchicago.edu/curriculum/degree-concentrations/machine-learning-and-ai/finm-34800/,https://uchicago.box.com/s/u4nh4czcxcjrffbh4wt9hm9c0r86jlgd,,,unknown,2026-09-26
FINM 35100,finm-35100,"Information, Trading, and the Structure of Markets",Ayan Bhattacharya,Spring,,100,electives,trading,https://finmath.uchicago.edu/curriculum/degree-concentrations/trading/finm-35100/,,,,n/a,2026-09-26
FINM 35600,finm-35600,Institutional Crypto Markets: Liquidity and Mechanism Design,Chris Newhouse,Autumn,Summer 2026,50,electives,rates-credit,https://finmath.uchicago.edu/curriculum/degree-concentrations/rates-and-credit/finm-35600/,https://uchicago.box.com/s/ojva9kssuolgoq3s8pf5x9grvvijtlhd,https://uchicago.box.com/s/4hukbt21v3rcerkc4jsfo3kqta6he49t,,unknown,2026-09-26
FINM 35700,finm-35700,Credit Markets,Alex Popovici,Spring,Autumn 2026,100,electives,rates-credit,https://finmath.uchicago.edu/curriculum/degree-concentrations/rates-and-credit/finm-35700/,https://uchicago.box.com/s/hxncaxl5n72508euoqzoub93b1efsglq,,,unknown,2026-09-26
FINM 35900,finm-35900,Macro-Finance,Ian Wright,Spring,Spring 2026,50,electives,trading,https://finmath.uchicago.edu/curriculum/degree-concentrations/trading/finm-35900/,https://uchicago.box.com/s/t4u0slhbdogbf4e361pym6whwvgxmg9s,https://uchicago.app.box.com/s/t4u0slhbdogbf4e361pym6whwvgxmg9s,,unknown,2026-09-26
FINM 37000,finm-37000,Futures and Related Derivatives,Eric Patterson,Autumn,Summer 2026,50,electives,options-derivatives,https://finmath.uchicago.edu/curriculum/degree-concentrations/options-and-derivatives/finm-37000/,https://uchicago.box.com/s/6h2nzmysx03a1nyxq5f0i0nej7gx29pv,,,unknown,2026-09-26
FINM 37301,finm-37301,"Foreign Exchange: Markets, Products & Pricing",Anthony Capozzoli,Spring,Winter 2026,50,electives,rates-credit,https://finmath.uchicago.edu/curriculum/degree-concentrations/rates-and-credit/finm-37301/,https://uchicago.box.com/s/dh8d92xob4yhzygawyernjzn280wqhif,https://uchicago.box.com/s/fdmz8zzr818y98s5tv53jgoba83im9i0,,unknown,2026-09-26
FINM 37400,finm-37400,Fixed Income,Mark Hendricks,Winter,Spring 2026,50,electives,rates-credit,https://finmath.uchicago.edu/curriculum/degree-concentrations/rates-and-credit/finm-37400/,https://uchicago.box.com/s/y5166j07wdj2n2cnoil7jg1c8nvm1iqb,https://uchicago.box.com/s/o3ibauathce8bo5lzex7l3gahjr108sw,,unknown,2026-09-26
FINM 37500,finm-37500,Fixed Income Derivatives,Mark Hendricks,Winter,Spring 2026,50,electives,options-derivatives,https://finmath.uchicago.edu/curriculum/degree-concentrations/options-and-derivatives/finm-37500/,https://uchicago.app.box.com/s/kfjjotvbn2dy02bj42bu8c8zf40zyxhh,https://uchicago.box.com/s/4qsvmxajwfpveb00czfj6ebdgu0kiznh,,unknown,2026-09-26
FINM 37601,finm-37601,Mathematical Market Microstructure: An Optimized Approach,Hongsong Chou,Autumn,Autumn 2026,100,electives,trading,https://finmath.uchicago.edu/curriculum/degree-concentrations/trading/finm-37601/,https://uchicago.box.com/s/fbe2eznu7sidmtrd7g3ve7sdfk6ba7oh,,,unknown,2026-09-26
